{
    "kernel": "poly",
    "accuracy": 0.975,
    "confusion_matrix": [
        [
            38,
            1
        ],
        [
            0,
            1
        ]
    ],
    "classification_report": {
        "0": {
            "precision": 1.0,
            "recall": 0.9743589743589743,
            "f1-score": 0.9870129870129869,
            "support": 39.0
        },
        "1": {
            "precision": 0.5,
            "recall": 1.0,
            "f1-score": 0.6666666666666666,
            "support": 1.0
        },
        "accuracy": 0.975,
        "macro avg": {
            "precision": 0.75,
            "recall": 0.9871794871794872,
            "f1-score": 0.8268398268398267,
            "support": 40.0
        },
        "weighted avg": {
            "precision": 0.9875,
            "recall": 0.975,
            "f1-score": 0.9790043290043288,
            "support": 40.0
        }
    }
}