{
    "kernel": "sigmoid",
    "accuracy": 0.975,
    "confusion_matrix": [
        [
            39,
            0
        ],
        [
            1,
            0
        ]
    ],
    "classification_report": {
        "0": {
            "precision": 0.975,
            "recall": 1.0,
            "f1-score": 0.9873417721518987,
            "support": 39.0
        },
        "1": {
            "precision": 0.0,
            "recall": 0.0,
            "f1-score": 0.0,
            "support": 1.0
        },
        "accuracy": 0.975,
        "macro avg": {
            "precision": 0.4875,
            "recall": 0.5,
            "f1-score": 0.49367088607594933,
            "support": 40.0
        },
        "weighted avg": {
            "precision": 0.9506249999999999,
            "recall": 0.975,
            "f1-score": 0.9626582278481012,
            "support": 40.0
        }
    }
}